trial,cue,causal_pred_repeat1,correct_repeat1,error_fraction_10_repeats
1,Paper,Scissors,0,0.90
2,Rock,Rock,1,0.00
3,Paper,Paper,1,0.00
4,Scissors,Scissors,1,0.00
5,Scissors,Scissors,1,0.00
6,Paper,Paper,1,0.00
7,Paper,Paper,1,0.00
8,Scissors,Scissors,1,0.00
9,Paper,Paper,1,0.00
10,Rock,Rock,1,0.00
11,Scissors,Scissors,1,0.00
12,Scissors,Scissors,1,0.00
13,Scissors,Scissors,1,0.00
14,Paper,Paper,1,0.00
15,Scissors,Scissors,1,0.00
16,Scissors,Scissors,1,0.40
17,Rock,Rock,1,0.00
18,Scissors,Scissors,1,0.00
19,Paper,Paper,1,0.00
20,Rock,Rock,1,0.00
21,Scissors,Scissors,1,0.00
22,Paper,Paper,1,0.00
23,Paper,Paper,1,0.00
24,Paper,Paper,1,0.00
25,Rock,Rock,1,0.00
26,Scissors,Scissors,1,0.00
27,Rock,Rock,1,0.00
28,Rock,Rock,1,0.00
29,Scissors,Scissors,1,0.00
30,Paper,Paper,1,0.00
31,Scissors,Scissors,1,0.00
32,Scissors,Scissors,1,0.00
33,Rock,Rock,1,0.00
34,Rock,Rock,1,0.00
35,Paper,Paper,1,0.00
36,Scissors,Scissors,1,0.00
37,Rock,Rock,1,0.00
38,Rock,Rock,1,0.00
39,Paper,Paper,1,0.00
40,Paper,Paper,1,0.00
41,Paper,Paper,1,0.00
42,Rock,Rock,1,0.00
43,Rock,Rock,1,0.00
44,Rock,Rock,1,0.00
45,Rock,Rock,1,0.00
46,Paper,Paper,1,0.00
47,Scissors,Scissors,1,0.00
48,Scissors,Scissors,1,0.00
49,Paper,Paper,1,0.00
50,Paper,Paper,1,0.00
51,Paper,Paper,1,0.00
52,Scissors,Scissors,1,0.00
53,Scissors,Scissors,1,0.00
54,Paper,Paper,1,0.00
55,Rock,Rock,1,0.00
56,Rock,Rock,1,0.00
57,Rock,Rock,1,0.00
58,Paper,Paper,1,0.00
59,Scissors,Scissors,1,0.00
60,Rock,Rock,1,0.00
61,Scissors,Scissors,1,0.00
62,Rock,Rock,1,0.00
63,Paper,Paper,1,0.00
64,Rock,Rock,1,0.00
65,Rock,Scissors,0,1.00
66,Rock,Rock,1,0.00
67,Scissors,Scissors,1,0.00
68,Rock,Rock,1,0.00
69,Scissors,Scissors,1,0.00
70,Scissors,Scissors,1,0.00
71,Rock,Rock,1,0.00
72,Rock,Rock,1,0.00
73,Rock,Rock,1,0.00
74,Paper,Paper,1,0.00
75,Paper,Paper,1,0.00
76,Scissors,Scissors,1,0.00
77,Rock,Rock,1,0.00
78,Scissors,Scissors,1,0.00
79,Paper,Paper,1,0.00
80,Scissors,Scissors,1,0.00
81,Paper,Paper,1,0.00
82,Paper,Paper,1,0.00
83,Scissors,Scissors,1,0.00
84,Scissors,Scissors,1,0.00
85,Rock,Rock,1,0.00
86,Scissors,Scissors,1,0.00
87,Paper,Paper,1,0.00
88,Paper,Paper,1,0.00
89,Rock,Rock,1,0.00
90,Paper,Paper,1,0.00
