trial,gesture,label,cue_seconds,cue_duration_seconds,starting_posture,movement_amount,movement_onset_seconds,movement_detected,movement_threshold,peak_finger_speed,rest_seconds,movement_onset_2mad_seconds,movement_onset_4mad_seconds,starting_finger_1,starting_finger_2,starting_finger_3,starting_finger_4,starting_finger_5,previous_gesture,previous_movement_amount,high_gamma_absolute_db,high_gamma_common_db,high_gamma_trial_relative_db,pre_cue_high_gamma_db,beta_absolute_db,beta_common_db,beta_trial_relative_db,pre_cue_beta_db,brain_hand_disagreement_z,transient_score,quality_flag
1,Paper,3,12.08,2.0,0.31228511333465575,0.26522707312079186,0.68,True,0.022275146011244126,1.5294704712457363,,0.68,0.7066666666666667,0.27272728085517883,0.21970443427562714,0.20204231142997742,0.6217592358589172,0.24519230425357819,,,14.481113642631161,-0.2841247395160753,0.5424873003026587,13.938626342328503,20.612557946894253,0.7031208254547785,-1.293410132019634,21.905968078913887,-1.8245031436397925,9.955237150219356,False
2,Rock,1,16.88,2.04,0.2137034721672535,0.7138991420646756,0.72,True,0.06842528316991431,4.881299687043786,2.8,0.6533333333333333,0.7333333333333333,0.5575757622718811,0.05495584011077881,0.05689277872443199,0.3333333432674408,0.06575963646173477,Paper,0.26522707312079186,14.760277637093727,-0.004960745053509186,1.4889427315557402,13.271334905537987,18.794709118288775,-1.1147280031506988,-5.05564550904926,23.850354627338035,0.4688957536571323,5.821837826428278,False
3,Paper,3,21.76,2.0,0.21252829246222973,0.014048071283811565,,False,0.02,0.14569424397769468,2.84,,,0.6767676472663879,0.03889942914247513,0.06783369928598404,0.255092591047287,0.02404809556901455,Rock,0.7138991420646756,13.22525391348684,-1.5399844686603963,-0.3619771402606151,13.587231053747455,19.682746259654675,-0.22669086178479958,-7.634429527947198,27.317175787601872,0.7054741747768155,5.232354850262089,False
4,Scissors,2,26.4,2.04,0.21026448979973794,0.4506700230583599,0.4666666666666667,True,0.02,4.617356104201691,2.64,0.4666666666666667,0.4666666666666667,0.6767676472663879,0.03510436415672302,0.04814004525542259,0.24722221493721008,0.044088177382946014,Paper,0.014048071283811565,14.609424827116737,-0.15581355503049998,1.7127150206818147,12.896709806434922,18.743992347044333,-1.1654447743951408,-4.378281254810478,23.12227360185481,-0.6040923254555814,6.277370676882073,False
5,Scissors,2,31.2,2.04,0.23439984247088433,0.3525150627274033,0.4533333333333333,True,0.02,4.220417461435885,2.76,0.4533333333333333,0.4533333333333333,0.5353535413742065,0.03036053106188774,0.06564551591873169,0.30416667461395264,0.236472949385643,Scissors,0.4506700230583599,14.294077515870823,-0.4711608662764135,0.5508243112395519,13.743253204631271,19.994746345043456,0.08530922360398208,-0.35869408839471006,20.353440433438166,3.0966369787105354,13.513519337628525,True
6,Paper,3,35.88,2.04,0.18853410258889197,0.030722284053448408,0.0,True,0.02,0.05786980113879787,2.64,0.0,0.0,0.5010101199150085,0.02087286487221718,0.08388037979602814,0.21666666865348816,0.1202404797077179,Scissors,0.3525150627274033,13.276362792175604,-1.4888755899716326,0.24501977599170033,13.031343016183904,24.353868917655284,4.4444317962158095,3.516176238385995,20.83769267926929,0.4615389185672374,7.000224393814187,False
7,Paper,3,40.0,2.04,0.1612092699855566,0.037829352714673595,1.6933333333333334,True,0.02,0.19909266371322143,2.08,1.6933333333333334,1.6933333333333334,0.5414141416549683,0.017077798023819923,0.038657914847135544,0.1587962955236435,0.05010019987821579,Paper,0.030722284053448408,13.153017129383619,-1.612221252763618,0.02843570180699473,13.124581427576624,22.801266860247942,2.891829738808468,4.501646364509657,18.299620495738285,0.015722965291741386,6.971378944663203,False
8,Scissors,2,44.8,2.04,0.12407281398773193,0.42267147666865074,0.49333333333333335,True,0.02,3.4528676577796675,2.76,0.49333333333333335,0.49333333333333335,0.3777777850627899,0.023719165474176407,0.011670313775539398,0.15509259700775146,0.05210420861840248,Paper,0.037829352714673595,14.17752852636388,-0.5877098557833573,0.2864032141602362,13.891125312203643,19.361560883393334,-0.5478762380461397,0.708880355292429,18.652680528100905,-0.756848205017272,7.59125061391186,False
9,Paper,3,49.08,2.04,0.2006599474698305,0.02562156610556753,0.52,True,0.02,0.15536929288293344,2.24,0.52,0.52,0.6868686676025391,0.00749063678085804,0.06564551591873169,0.17916665971279144,0.06412825733423233,Scissors,0.42267147666865074,13.011772128463727,-1.7534662536835093,-0.12010068719656175,13.131872815660289,25.846274328702005,5.936837207262531,6.042299585676254,19.80397474302575,-0.050239008994775985,7.040555939898405,False
10,Rock,1,53.6,2.04,0.20190465003252028,0.8015102985610207,0.4,True,0.02,5.431026532792647,2.48,0.4,0.4,0.7212121486663818,0.01591760292649269,0.019693654030561447,0.1805555522441864,0.0721442922949791,Paper,0.02562156610556753,14.693759285879867,-0.07147909626736926,2.082130989890736,12.611628295989131,18.139563061269715,-1.7698740601697587,-6.421019236002721,24.560582297272436,-1.8764641346831017,5.983237757533878,False
11,Scissors,2,58.16,2.04,0.18304963707923888,0.4449241454992129,0.52,True,0.02,4.211286455549694,2.52,0.52,0.52,0.5616161823272705,0.09300699084997177,0.07950401306152344,0.16203702986240387,0.019083969295024872,Rock,0.8015102985610207,13.987619586871517,-0.7776187952757194,1.4104949342386526,12.577124652632865,20.52297660365444,0.6135394822149642,-2.4436575505658276,22.966634154220266,-2.519594838864225,7.738989766450022,False
12,Scissors,2,62.72,2.04,0.19873047433793545,0.42350064853012204,0.44,True,0.02,3.440677161378911,2.52,0.44,0.44,0.6565656661987305,0.029370630159974098,0.07366885244846344,0.17870371043682098,0.05534351244568825,Scissors,0.4449241454992129,14.017350823810311,-0.7478875583369256,1.146852557211897,12.870498266598414,19.896700098481624,-0.012737022957850286,-2.4694633245373616,22.366163423018985,-1.3635703281133433,5.969522413946013,False
13,Scissors,2,67.6,2.04,0.18943494372069836,0.4323939356867075,0.4,True,0.02,3.9837552360658437,2.84,0.4,0.4,0.6383838653564453,0.02517482452094555,0.05616338551044464,0.17592592537403107,0.051526717841625214,Scissors,0.42350064853012204,14.358636098906178,-0.4066022832410585,1.315970381064039,13.042665717842139,18.965541094944356,-0.9438960264951177,-5.494194782130407,24.459735877074763,-0.5937872171340436,6.871795807867602,False
14,Paper,3,71.88,2.04,0.19185852594673633,0.013465233035129602,,False,0.02,0.04204240104226311,2.24,,,0.6222222447395325,0.0237762238830328,0.06126914545893669,0.16805554926395416,0.08396946638822556,Scissors,0.4323939356867075,13.291617529993736,-1.4736208521535001,-0.024284363795155528,13.315901893788892,25.38244889792083,5.473011776481357,2.063962087745029,23.318486810175802,0.8745235596030801,10.349956964359151,False
15,Scissors,2,76.0,2.04,0.18038614392280578,0.43107135820075426,0.41333333333333333,True,0.02,3.099719605970486,2.08,0.41333333333333333,0.41333333333333333,0.6161616444587708,0.025874126702547073,0.05032822862267494,0.15231481194496155,0.057251907885074615,Paper,0.013465233035129602,14.333982208816488,-0.4312561733307483,1.6944950930583573,12.639487115758131,18.857225687328476,-1.0522114341109976,-4.34452910013821,23.201754787466687,-0.6160298618030391,6.686855144278542,False
16,Scissors,2,80.88,2.04,0.18781619518995285,0.4502034904095468,0.7066666666666667,True,0.02,2.796243354494972,2.84,0.7066666666666667,0.7066666666666667,0.6343434453010559,0.021678321063518524,0.05324580520391464,0.16111111640930176,0.06870228797197342,Scissors,0.43107135820075426,14.504640592262017,-0.2605977898852192,1.7581012596855476,12.74653933257647,19.31594302941143,-0.5934940920280454,-3.130323629886554,22.446266659297983,-0.9514990232924234,5.79590231314944,False
17,Rock,1,85.64,2.04,0.1939349353313446,0.700944862594999,0.49333333333333335,True,0.02,5.162684290311052,2.72,0.49333333333333335,0.49333333333333335,0.6262626051902771,0.02097902074456215,0.05178701505064964,0.1675925999879837,0.10305343568325043,Scissors,0.4502034904095468,14.135491718163287,-0.6297466639839495,0.9796488073408565,13.15584291082243,19.48116003883636,-0.42827708260311326,-0.9962692649123,20.47742930374866,-0.7330904751789984,5.478765522841893,False
18,Scissors,2,90.16,2.04,0.19375933855772018,0.4220655496777759,0.44,True,0.02,3.76300921561149,2.48,0.44,0.44,0.5515151619911194,0.1146853119134903,0.08169219642877579,0.15601852536201477,0.06488549709320068,Rock,0.700944862594999,14.069210526903175,-0.6960278552440613,1.27570136665536,12.793509160247815,19.064336477992683,-0.8451006434467914,-5.001618408402887,24.06595488639557,-1.1099045646577235,6.103904773698341,False
19,Paper,3,94.64,2.04,0.2025480702519417,0.01140656688641793,,False,0.02,0.03695545998348543,2.44,,,0.644444465637207,0.037062935531139374,0.07804521918296814,0.17685185372829437,0.07633587718009949,Scissors,0.4220655496777759,13.029029671943688,-1.7362087102035488,-0.1455602228780446,13.174589894821732,24.23705811167306,4.327620990233587,-0.7543149209354709,24.991373032608532,0.30099662701416763,7.420398340542735,False
20,Rock,1,98.84,2.04,0.18921846970915795,0.6709979664979858,0.37333333333333335,True,0.02,3.636440630060244,2.16,0.37333333333333335,0.37333333333333335,0.6202020049095154,0.03986014053225517,0.06199854239821434,0.16296295821666718,0.06106870248913765,Paper,0.01140656688641793,14.60779512173326,-0.15744326041397727,2.0116116135558855,12.596183508177374,17.88170373317398,-2.0277333882654958,-3.208502669605334,21.090206402779312,1.1657437380833953,6.716330795322079,False
21,Scissors,2,103.24,2.04,0.2049250453710556,0.42398029141894067,0.4533333333333333,True,0.02,3.867735785271005,2.36,0.4533333333333333,0.4533333333333333,0.5555555820465088,0.13006992638111115,0.09992706030607224,0.17037037014961243,0.06870228797197342,Rock,0.6709979664979858,14.183463593064578,-0.5817747890826581,1.487977862310995,12.695485730753584,19.316579707722756,-0.5928574137167182,-4.148364006712008,23.464943714434764,-0.8000801598071114,8.491383668043747,False
22,Paper,3,107.44,2.04,0.1913124367594719,0.031448457254287965,0.08,True,0.024459141951625733,0.13873543630532395,2.16,0.0,0.24,0.5434343218803406,0.0559440553188324,0.07439824938774109,0.1606481522321701,0.1221374049782753,Scissors,0.42398029141894067,13.613977073478727,-1.1512613086685093,0.24757444220561986,13.366402631273107,18.8088551116619,-1.1005820097775754,-2.4929502826196313,21.30180539428153,1.2408992404776964,5.366973372305818,False
23,Paper,3,112.2,2.04,0.16814653649926187,0.009963307542055488,,False,0.02,0.04145404652795589,2.72,,,0.513131320476532,0.06363636255264282,0.045951858162879944,0.15694443881511688,0.06106870248913765,Paper,0.031448457254287965,12.844448292350366,-1.9207900897968706,-0.6285894728440802,13.473037765194446,24.873214766297927,4.963777644858453,3.9593984568944585,20.91381630940347,-0.10223770519110903,11.006541616888557,False
24,Paper,3,116.36,2.04,0.16531457081437112,0.0036478724338240235,,False,0.02,0.02813364664057511,2.12,,,0.5070707201957703,0.06013986095786095,0.04522246494889259,0.1587962955236435,0.05534351244568825,Paper,0.009963307542055488,12.923681101167412,-1.8415572809798242,0.1987522699879367,12.724928831179476,22.124454338577856,2.2150172171383815,0.2369070032587075,21.887547335319148,0.22237695060621196,8.869378489514695,False
25,Rock,1,120.64,2.04,0.16363856717944145,0.6727662021284382,0.4533333333333333,True,0.02,3.1380616502940746,2.24,0.4533333333333333,0.4533333333333333,0.49898990988731384,0.05734265595674515,0.043034281581640244,0.1615740805864334,0.057251907885074615,Paper,0.0036478724338240235,14.588604933019518,-0.17663344912771883,2.3700314209171527,12.218573512102365,18.0025707551596,-1.9068663662798748,-4.976541629675644,22.979112384835243,1.0748512177517573,5.603157794778681,False
26,Scissors,2,125.28,2.04,0.2011090949177742,0.39140315654701396,0.4,True,0.02,3.7400370466451482,2.6,0.4,0.4,0.5515151619911194,0.13916084170341492,0.09263311326503754,0.15925925970077515,0.06297709792852402,Rock,0.6727662021284382,14.269232708104258,-0.49600567404297813,1.705610968127317,12.563621739976941,19.194696778250762,-0.714740343188712,-3.8163430980050386,23.0110398762558,1.1011311913591255,5.928780651342182,False
27,Rock,1,129.64,2.04,0.18593731820583342,0.6583511608050858,0.5466666666666666,True,0.02,4.981218982199576,2.32,0.5466666666666666,0.5466666666666666,0.5757575631141663,0.0643356665968895,0.07366885244846344,0.14722222089767456,0.06870228797197342,Scissors,0.39140315654701396,14.388768836522551,-0.37646954562468515,1.5650873902972346,12.823681446225317,19.431792618180292,-0.4776445032591816,-6.573256082474316,26.00504870065461,0.9463398169124317,6.261162035491193,False
28,Rock,1,134.36,2.04,0.19140285328030587,0.6465775548904721,0.48,True,0.02,4.951021629906977,2.68,0.48,0.48,0.5030303001403809,0.1492329090833664,0.09992706030607224,0.15138888359069824,0.05343511328101158,Rock,0.6583511608050858,14.436229032927237,-0.3290093492199997,1.4217389962733318,13.014490036653905,20.148104270826234,0.23866714938676026,-4.527587857817188,24.675692128643423,1.3555301304067828,7.634215924062354,False
29,Scissors,2,139.2,2.04,0.20596338510513307,0.4258365348832042,0.32,True,0.02,3.280722716757154,2.8,0.32,0.32,0.539393961429596,0.16736401617527008,0.11378555744886398,0.14629629254341125,0.06297709792852402,Rock,0.6465775548904721,14.60973122272012,-0.1555071594271169,1.5400787860082659,13.069652436711854,18.378647789476968,-1.5307893319625059,-0.48789686370714236,18.86654465318411,0.6152305372001292,7.582093258908076,False
30,Paper,3,143.64,2.04,0.2113824427127838,0.01097027952776048,,False,0.02,0.04097345608238144,2.4,,,0.6646464467048645,0.07949791103601456,0.08388037979602814,0.16018518805503845,0.06870228797197342,Scissors,0.4258365348832042,12.630012449330867,-2.13522593281637,0.0907209021854527,12.539291547145414,22.870788006990495,2.9613508855510204,-2.3820819176826973,25.252869924673192,-0.6293277760567062,6.573348569161143,False
31,Scissors,2,147.84,2.04,0.19728196188807487,0.4195773012337728,0.49333333333333335,True,0.02,2.115159797154244,2.16,0.49333333333333335,0.49333333333333335,0.6161616444587708,0.078103207051754,0.07366885244846344,0.15740740299224854,0.06106870248913765,Paper,0.01097027952776048,14.293329398635548,-0.471908983511689,0.5258140960652575,13.76751530257029,18.501252554289124,-1.4081845671503501,-0.927578074425714,19.428830628714838,-0.19583490931276998,5.549536807784658,False
32,Scissors,2,152.68,2.04,0.19078923240303994,0.43345888083110584,0.44,True,0.02,3.251536052011664,2.8,0.44,0.44,0.6242424249649048,0.05718270689249039,0.05908096209168434,0.15046297013759613,0.06297709792852402,Scissors,0.4195773012337728,14.034914916374767,-0.7303234657724698,0.8436144082651857,13.191300508109581,18.7007654534969,-1.2086716679425749,-5.013357558894935,23.714123012391834,-1.7900156941742313,7.245197316536752,False
33,Rock,1,157.48,2.04,0.199807009100914,0.7314069290861519,0.4266666666666667,True,0.02,4.94899351999999,2.76,0.4266666666666667,0.4266666666666667,0.7090908885002136,0.03974895551800728,0.08096279948949814,0.11388888955116272,0.05534351244568825,Scissors,0.43345888083110584,14.512808450035228,-0.25242993211200826,1.313012498504845,13.199795951530383,18.862790610436427,-1.046646511003047,-1.8880286381104021,20.75081924854683,-0.5712899303114569,7.108280447308766,False
34,Rock,1,161.96,2.04,0.216792294383049,0.68943851062921,0.41333333333333333,True,0.02,5.524180896371805,2.44,0.41333333333333333,0.41333333333333333,0.5979797840118408,0.15753424167633057,0.11889132112264633,0.13703703880310059,0.07251908630132675,Rock,0.7314069290861519,13.956512759316114,-0.8087256228311226,1.0011853515660256,12.955327407750088,21.356002803596958,1.446565682157484,-4.881337684043064,26.237340487640022,-0.8831770528935954,5.467038520102626,False
35,Paper,3,166.84,2.04,0.23883783370256423,0.027835739646224947,1.52,True,0.02,0.08019970964570854,2.84,1.52,1.52,0.6707070469856262,0.18013699352741241,0.12910284101963043,0.1398148089647293,0.07442747801542282,Rock,0.68943851062921,13.639637346109064,-1.125601036038173,0.5925523960760408,13.047084950033023,21.90468512118734,1.9952479997478676,1.1592009677715858,20.745484153415756,1.3802752819687354,7.150038849648548,False
36,Scissors,2,171.28,2.04,0.20015889406204224,0.4266507705603471,0.4266666666666667,True,0.02,4.130300194113754,2.4,0.4266666666666667,0.4266666666666667,0.5515151619911194,0.15342465043067932,0.10867979377508163,0.13564814627170563,0.051526717841625214,Paper,0.027835739646224947,14.267471544461326,-0.49776683768591035,1.7070969549780983,12.560374589483228,18.554255401306957,-1.3551817201325171,-7.198876108589406,25.753131509896363,-0.6342115460971892,5.617102674248209,False
37,Rock,1,175.64,2.04,0.21679699718952178,0.7484109866125931,0.4533333333333333,True,0.02,5.953716347469341,2.32,0.4533333333333333,0.4533333333333333,0.6949495077133179,0.06780821830034256,0.09263311326503754,0.15416666865348816,0.07442747801542282,Scissors,0.4266507705603471,14.03287725320907,-0.732361128938166,1.3512640847882018,12.681613168420869,19.90587036994733,-0.003566751492144249,-3.586730241074875,23.492600611022205,-2.166240351643938,5.9072018701681985,False
38,Rock,1,180.48,2.04,0.21690943390130996,0.6868031740634334,0.3466666666666667,True,0.02,5.2604659958124556,2.8,0.3466666666666667,0.3466666666666667,0.5838384032249451,0.1693767011165619,0.13056163489818573,0.14351852238178253,0.057251907885074615,Rock,0.7484109866125931,14.038260537989869,-0.7269778441573678,1.170826272860653,12.867434265129216,19.541675874449677,-0.3677612469897973,-4.645279925237293,24.18695579968697,-0.6180089718361733,6.68485815897108,False
39,Paper,3,185.24,2.04,0.23622510135173796,0.021310578001441063,1.2533333333333334,True,0.02,0.05753260718145759,2.72,1.2533333333333334,1.2533333333333334,0.5616161823272705,0.18360432982444763,0.14733770489692688,0.1587962955236435,0.12977099418640137,Rock,0.6868031740634334,12.85722497571777,-1.9080134064294665,0.04434925850950222,12.812875717208268,24.773307564089745,4.863870442650271,2.4013125011706826,22.371995062919062,-0.3200721874161442,8.455634157812039,False
40,Paper,3,189.8,2.04,0.21758642345666884,0.003878148377447548,,False,0.02,0.041155650701342666,2.52,,,0.5717171430587769,0.14498645067214966,0.12326768785715103,0.1449074000120163,0.10305343568325043,Paper,0.021310578001441063,12.918139519677986,-1.8470988624692506,0.4389416107782065,12.47919790889978,19.40488530447334,-0.5045518169661349,-3.9021783246092454,23.307063629082585,0.20429279521978874,4.9995559025838325,False
41,Paper,3,194.48,2.04,0.2141826868057251,0.002633966415994077,,False,0.02,0.0404959164578377,2.64,,,0.581818163394928,0.13753387331962585,0.11013858765363693,0.14027777314186096,0.10114503651857376,Paper,0.003878148377447548,13.131826648424756,-1.6334117337224807,0.22186965249959378,12.909956995925162,21.246923049283037,1.337485927843563,0.16032572027628333,21.086597329006754,0.7348021763941255,4.547994835327899,False
42,Rock,1,198.8,2.04,0.2127356708049774,0.6867462009581017,0.4,True,0.02,5.5311156739079435,2.28,0.4,0.4,0.581818163394928,0.13550135493278503,0.10430342704057693,0.13518518209457397,0.10687022656202316,Paper,0.002633966415994077,14.360560061287748,-0.40467832085948885,0.8600182276839181,13.50054183360383,19.860899066590996,-0.048538054848478396,0.1439499042966581,19.716949162294338,0.16997254030149703,5.903653594699089,False
43,Rock,1,203.72,2.04,0.2339323341846466,0.600794900960755,0.44,True,0.02,4.349716071553953,2.88,0.44,0.4533333333333333,0.4767676889896393,0.1897018998861313,0.13712619245052338,0.1675925999879837,0.19847328960895538,Rock,0.6867462009581017,13.866805902266155,-0.8984324798810821,0.008132884141980767,13.858673018124174,19.329536888138712,-0.5799002333007621,-3.123338816343608,22.45287570448232,1.1066459357557603,7.159827566339018,False
44,Rock,1,208.68,2.04,0.2511312872171402,0.6607337612454705,0.37333333333333335,True,0.02,4.644646591373225,2.92,0.37333333333333335,0.37333333333333335,0.5010101199150085,0.20121951401233673,0.17724289000034332,0.16435185074806213,0.21183206140995026,Rock,0.600794900960755,14.157229634191419,-0.608008747955818,0.6577686628759629,13.499460971315456,19.503262107977694,-0.4061750134617803,-2.524770415928703,22.028032523906397,0.32190792749609504,5.956332928153414,False
45,Rock,1,213.08,2.04,0.2773265391588211,0.6406286013776681,0.4266666666666667,True,0.026263314515526683,4.843053815941543,2.36,0.4266666666666667,0.4266666666666667,0.6242424249649048,0.21883468329906464,0.18818381428718567,0.17407406866550446,0.18129770457744598,Rock,0.6607337612454705,14.246632163777777,-0.5186062183694595,0.8051148639931878,13.44151729978459,19.66407154509469,-0.24536557634478484,-0.08440291369148767,19.748474458786177,1.0410561152565723,6.883222553236311,False
46,Paper,3,217.96,2.04,0.2873764902353287,0.02960995009013233,0.7733333333333333,True,0.024927386762643784,0.12678079006123438,2.84,0.36,,0.6808080673217773,0.22018970549106598,0.18526622653007507,0.1578703671693802,0.1927480846643448,Rock,0.6406286013776681,13.441081278960132,-1.3241571031871047,0.5420341369085193,12.899047142051613,20.208542412596312,0.29910529115683815,-3.676212616421445,23.884755029017757,0.8738253386025823,4.845706917972773,False
47,Scissors,2,222.36,2.04,0.2695053189992905,0.4160931575648853,0.37333333333333335,True,0.02,3.9255339662944566,2.36,0.37333333333333335,0.37333333333333335,0.7010101079940796,0.16598916053771973,0.15171407163143158,0.15324074029922485,0.17557251453399658,Paper,0.02960995009013233,14.844261742440978,0.07902336029374091,2.0757503378418036,12.768511404599174,18.17314341293048,-1.7362937085089953,-6.572350298548152,24.74549371147863,1.9220036127690412,6.364122213235081,False
48,Scissors,2,226.48,2.04,0.24821242690086365,0.41253812739968276,0.37333333333333335,True,0.02,3.151361072268499,2.08,0.37333333333333335,0.37333333333333335,0.705050528049469,0.10569106042385101,0.13202042877674103,0.18379630148410797,0.11450381577014923,Scissors,0.4160931575648853,14.277206341695758,-0.4880320404514791,1.130788679892138,13.14641766180362,20.801564915758743,0.8921277943192685,0.06351777403535763,20.738047141723385,0.09250454648942122,7.235152475855171,False
49,Paper,3,230.64,2.04,0.25645226836204527,0.01178961844453258,,False,0.02,0.041968938051602206,2.12,,,0.7070707082748413,0.0907859057188034,0.12764406204223633,0.17546296119689941,0.18129770457744598,Scissors,0.41253812739968276,12.930252374752952,-1.834986007394285,-1.0823341532150526,14.012586527968004,21.448622300225875,1.5391851787864006,-6.2016418329756355,27.65026413320151,0.05996428623317915,11.476355594441177,False
50,Paper,3,234.92,2.04,0.24524105489253997,0.014564823406225022,,False,0.02,0.1546820166078333,2.24,,,0.6888889074325562,0.1009485125541687,0.10795040428638458,0.16620370745658875,0.1622137427330017,Paper,0.01178961844453258,12.66034975041591,-2.104888631731326,-0.20093059263983193,12.861280343055743,25.249664989513136,5.3402278680736615,3.4992755223600014,21.750389467153134,-0.6364083977013582,10.197766273508037,False
51,Paper,3,239.08,2.04,0.23768828213214874,0.0035533239007718366,,False,0.02,0.028073312234460704,2.12,,,0.6828283071517944,0.09959349781274796,0.10357403010129929,0.15740740299224854,0.1450381726026535,Paper,0.014564823406225022,12.2439255574395,-2.5213128247077368,0.1320597492708302,12.11186580816867,23.534381562714564,3.6249444412750904,2.870226516665692,20.664155046048872,-1.3766735085778434,6.321557011690217,False
52,Scissors,2,243.44,2.04,0.23673218935728074,0.41593632135846426,0.4,True,0.02,2.7272679955244894,2.32,0.4,0.4,0.6828283071517944,0.09756097197532654,0.10065645724534988,0.1518518477678299,0.1507633626461029,Paper,0.0035533239007718366,14.047561183043753,-0.717677199103484,1.7315899370738368,12.315971245969916,19.253734348419172,-0.6557027730203018,-2.301935889084792,21.555670237503964,-0.8857328461129379,5.594789282901624,False
53,Scissors,2,248.36,2.04,0.2289431497454643,0.44082199040962095,0.36,True,0.02,4.438458022545295,2.88,0.36,0.36,0.7090908885002136,0.07859078794717789,0.09992706030607224,0.1578703671693802,0.09923664480447769,Scissors,0.41593632135846426,14.36923308663258,-0.3960052955146569,1.3529717647255115,13.016261321907068,18.732425917491252,-1.1770112039482221,-4.209552395542968,22.94197831303422,-0.9697884586196277,7.248329020585396,False
54,Paper,3,252.88,2.04,0.25197364687919616,0.009077001582949705,,False,0.02,0.05300580700668392,2.48,,,0.7777777910232544,0.0630081295967102,0.10211524367332458,0.16620370745658875,0.1507633626461029,Scissors,0.44082199040962095,12.576598606784815,-2.1886397753624216,-0.3434006380948418,12.919999244879657,22.67980063655141,2.770363515111935,-2.930471797835221,25.61027243438663,-0.713773662555472,6.402559729978803,False
55,Rock,1,257.12,2.04,0.24633172899484634,0.7063825352890853,0.4,True,0.02,3.7685094894192632,2.2,0.4,0.4,0.7696969509124756,0.06842818111181259,0.09409190714359283,0.16203702986240387,0.13740457594394684,Paper,0.009077001582949705,14.094424660838994,-0.6708137213082424,1.5572568014072345,12.53716785943176,18.06048664461108,-1.8489504768283958,-5.808187132893256,23.868673777504334,-0.9688048735973502,6.7954063225503285,False
56,Rock,1,261.96,2.04,0.258448189496994,0.6301491688711914,0.0,True,0.02,4.068436092307062,2.8,0.0,0.0,0.6464646458625793,0.1815718114376068,0.15973742306232452,0.1537037044763565,0.1507633626461029,Rock,0.7063825352890853,13.89183193276271,-0.873406449384527,0.8192953062401163,13.072536626522593,20.53615766737178,0.6267205459323044,1.0863316615947376,19.44982600577704,0.4362952755120836,5.7547480661741055,False
57,Rock,1,266.44,2.04,0.2695084735751152,0.7138264094259201,0.38666666666666666,True,0.023022674174976148,4.5221930325761335,2.44,0.38666666666666666,0.41333333333333333,0.7090908885002136,0.21002709865570068,0.15536105632781982,0.1509259194135666,0.1221374049782753,Rock,0.6301491688711914,14.657360945654405,-0.10787743649283144,1.2018043352717687,13.455556610382637,19.99000003818945,0.08056291674997595,0.6355636084126353,19.354436429776815,0.21954308135787837,6.307458316255572,False
58,Paper,3,270.56,2.04,0.2815354585647583,0.023257221602123908,1.3333333333333333,True,0.02,0.047368523849870434,2.08,1.3333333333333333,1.5866666666666667,0.6525252461433411,0.23628976941108704,0.18964259326457977,0.15555556118488312,0.1736641228199005,Rock,0.7138264094259201,12.865812418995594,-1.8994259631516428,-0.2734494707477584,13.139261889743352,24.407716437523153,4.4982793160836785,1.7476106392347823,22.66010579828837,-0.3423777230400165,10.979969232541173,False
59,Scissors,2,275.44,2.04,0.26090807020664214,0.41104138371299803,0.44,True,0.02,3.601539362890715,2.84,0.44,0.44,0.6565656661987305,0.17670954763889313,0.15390226244926453,0.15324074029922485,0.16412213444709778,Paper,0.023257221602123908,14.950646396626432,0.18540801447919542,2.711238257008876,12.239408139617556,18.15705723152282,-1.7523798899166536,-3.5746077233521305,21.73166495487495,2.5457739065524447,5.779825954724341,False
60,Rock,1,279.8,2.04,0.27188390791416167,0.6771375679300544,0.3466666666666667,True,0.02,4.934084057428131,2.32,0.3466666666666667,0.3466666666666667,0.713131308555603,0.11103588342666626,0.13858497142791748,0.18101851642131805,0.2156488597393036,Scissors,0.41104138371299803,13.766210559664525,-0.9990278224827112,0.40664086524238385,13.359569694422142,19.898263199058317,-0.011173922381157553,-6.015812867073798,25.914076066132115,-1.041098676314835,5.422545560226231,False
61,Scissors,2,284.56,2.04,0.27791752815246584,0.3942783840566401,0.4266666666666667,True,0.02,3.941593931036342,2.72,0.4266666666666667,0.4266666666666667,0.6363636255264282,0.21936357021331787,0.18380743265151978,0.17638888955116272,0.1736641228199005,Rock,0.6771375679300544,14.267712229519253,-0.4975261526279837,1.765324954128884,12.502387275390369,20.121600589156866,0.21216346771739225,-4.245296602054626,24.366897191211493,0.9547098834009577,6.053864914811404,False
62,Rock,1,289.0,2.04,0.25896602421998977,0.7001042230551484,0.3333333333333333,True,0.02,4.22963797075052,2.4,0.3333333333333333,0.3333333333333333,0.7232323288917542,0.12051455676555634,0.14514952898025513,0.18379630148410797,0.1221374049782753,Scissors,0.3942783840566401,13.881964075570588,-0.8832743065766486,0.5361617074098195,13.345802368160768,22.733144618162978,2.823707496723504,1.3520362821994816,21.381108335963496,-1.3308703783554345,7.668894936139375,False
63,Paper,3,293.84,2.04,0.2731185883283615,0.016761991619885327,,False,0.02,0.042675902222280945,2.8,,,0.6141414046287537,0.21216216683387756,0.18599562346935272,0.1796296238899231,0.1736641228199005,Rock,0.7001042230551484,12.683542561356994,-2.0816958207902427,-0.28872567858323706,12.972268239940231,22.868148381044694,2.95871125960522,-2.8323950961006332,25.700543477145327,-0.6297857877435705,6.150798099941142,False
64,Rock,1,298.72,2.04,0.25814145505428315,0.6227784985604459,0.48,True,0.02,4.352095239691591,2.84,0.48,0.48,0.6343434453010559,0.1756756752729416,0.15827862918376923,0.17546296119689941,0.14694656431674957,Paper,0.016761991619885327,14.040765748334884,-0.7244726338123524,1.3056381406436373,12.735127607691247,18.71266768833164,-1.1967694331078356,-3.5215040651428637,22.234171753474502,0.9834199935696624,5.480873548132217,False
65,Rock,1,303.32,2.04,0.28412963449954987,0.6210040885477897,0.38666666666666666,True,0.02,5.277615317157758,2.56,0.38666666666666666,0.38666666666666666,0.6686868667602539,0.22770270705223083,0.19328956305980682,0.17638888955116272,0.15458014607429504,Rock,0.6227784985604459,15.5469100034458,0.7816716212985639,2.525506769008583,13.021403234437217,18.17228383899991,-1.7371532824395644,-5.23070281440636,23.40298665340627,4.703331236835614,6.644693065209359,False
66,Rock,1,307.92,2.04,0.2896778017282486,0.6532138833819262,0.3466666666666667,True,0.02,5.7939612146918105,2.56,0.3466666666666667,0.3466666666666667,0.6686868667602539,0.23243242502212524,0.19183078408241272,0.1875,0.1679389327764511,Rock,0.6210040885477897,13.81078833087035,-0.9544500512768863,-0.2439823051929615,14.054770636063312,21.1145400186917,1.2051028972522246,-5.158604981010026,26.273144999701724,-0.3361969995106907,6.2279199586841205,False
67,Scissors,2,312.16,2.04,0.27596103549003603,0.4094678899942629,0.3466666666666667,True,0.02,3.7726863225820795,2.2,0.3466666666666667,0.3466666666666667,0.5979797840118408,0.2547297179698944,0.19474835693836212,0.16249999403953552,0.16984732449054718,Rock,0.6532138833819262,14.515985120291129,-0.24925326185610786,1.2262044719401857,13.289780648350943,20.072656603340423,0.16321948190094915,-4.446629902675607,24.51928650601603,1.086930547521383,6.518250514245378,False
68,Rock,1,316.6,2.04,0.2783702701330185,0.6779211934087049,0.4,True,0.02,6.303618370776401,2.4,0.4,0.4,0.7070707082748413,0.1270270198583603,0.15536105632781982,0.18101851642131805,0.221374049782753,Scissors,0.4094678899942629,13.628535211593121,-1.1367031705541155,1.147826134185033,12.480709077408088,20.01320289666501,0.10376577522553632,-2.6900381751861673,22.703241071851178,-1.3966168014888019,7.499842206290214,False
69,Scissors,2,321.08,2.04,0.28067766726016996,0.40394088924963506,0.4,True,0.021575947151399096,5.317473416614821,2.44,0.4,0.44,0.6060606241226196,0.23313292860984802,0.19766594469547272,0.16805554926395416,0.19847328960895538,Rock,0.6779211934087049,14.521895382635835,-0.24334299951140181,0.8694276595598698,13.652467723075965,18.216486458831188,-1.6929506626082862,-1.1331740212995456,19.349660480130733,1.378951044095042,5.670304988817087,False
70,Scissors,2,325.64,2.04,0.2937245100736618,0.3995536608317922,0.37333333333333335,True,0.02,4.846175991696578,2.52,0.37333333333333335,0.37333333333333335,0.7252525091171265,0.12224449217319489,0.16046680510044098,0.22592592239379883,0.23473282158374786,Scissors,0.40394088924963506,14.045072147734212,-0.7201662344130249,0.5817653571030714,13.46330679063114,21.119633868526385,1.2101967470869113,-4.000614148097867,25.120248016624252,-0.09085534804934392,6.2978568418220915,False
71,Rock,1,330.56,2.04,0.26721633672714235,0.7114296645273048,0.48,True,0.021603356163324178,5.444627157925435,2.88,0.4533333333333333,0.48,0.7171717286109924,0.10821643471717834,0.13639679551124573,0.19490741193294525,0.17938931286334991,Scissors,0.3995536608317922,14.411401016837619,-0.3538373653096176,1.5784463036923153,12.832954713145304,18.480597484529422,-1.4288396369100518,-3.527533724707311,22.008131209236733,-0.3209942784531235,5.767424468583097,False
72,Rock,1,334.96,2.04,0.27678402960300447,0.684211137091374,0.4,True,0.02,6.618626269485956,2.36,0.4,0.4,0.6282828450202942,0.23415610194206238,0.18599562346935272,0.18472221493721008,0.1507633626461029,Rock,0.7114296645273048,13.38910589014983,-1.3761324919974065,0.7670916223404323,12.622014267809398,20.421390989348886,0.511953867909412,-2.4552324010220232,22.87662339037091,-2.1376642981932625,11.067098380752183,False
73,Rock,1,339.44,2.04,0.3002611607313156,0.6624717902383754,0.41333333333333333,True,0.02,6.71191347833674,2.44,0.41333333333333333,0.41333333333333333,0.7090908885002136,0.23685961961746216,0.19912472367286682,0.1615740805864334,0.19465649127960205,Rock,0.684211137091374,13.900632374568236,-0.8646060075790007,0.7193524552452892,13.181279919322947,19.37193211101122,-0.537505010428255,-5.4547670996169515,24.82669921062817,-0.3476164567478392,5.723189148896008,False
74,Paper,3,344.28,2.04,0.27300251126289365,0.01923385103301944,,False,0.02,0.050819118595858914,2.8,,,0.5959596037864685,0.2581503689289093,0.19474835693836212,0.1615740805864334,0.15458014607429504,Rock,0.6624717902383754,13.144000624306717,-1.62123775784052,0.40592789801275764,12.738072726293959,20.13038192527307,0.22094480383359638,-0.3121047957243839,20.442486720997454,0.4007825134045587,5.187632290372839,False
75,Paper,3,348.76,2.04,0.2603013515472412,0.005654116358165859,,False,0.02,0.04093081594479464,2.44,,,0.6040403842926025,0.21689952909946442,0.16703136265277863,0.1379629671573639,0.17557251453399658,Paper,0.01923385103301944,12.877025052913417,-1.8882133292338192,-0.9181029253565587,13.795127978269976,21.061402066735308,1.151964945295834,2.6075520652668267,18.45385000146848,0.06864704361605001,5.829269140474052,False
76,Scissors,2,353.04,2.04,0.2557710260152817,0.39687283583405775,0.41333333333333333,True,0.02,4.140386578939492,2.24,0.41333333333333333,0.41333333333333333,0.5919191837310791,0.20492348074913025,0.16338439285755157,0.14305555820465088,0.17557251453399658,Paper,0.005654116358165859,14.757617862462991,-0.007620519684245153,1.7221581598368587,13.035459702626133,18.855874761221035,-1.0535623602184394,-3.6964794736516637,22.5523542348727,2.55869473703012,6.236445329929749,False
77,Rock,1,357.92,2.04,0.27330255657434466,0.6536814949315395,0.4533333333333333,True,0.02,4.491407866672505,2.84,0.4533333333333333,0.4533333333333333,0.6949495077133179,0.11976047605276108,0.14442013204097748,0.20509259402751923,0.20229007303714752,Scissors,0.39687283583405775,14.15466305796684,-0.6105753241803971,0.9507786293571971,13.203884428609642,20.245832842427237,0.33639572098776327,-1.7451825204869564,21.991015362914194,0.4913669463219314,6.9332013006906426,False
78,Scissors,2,362.56,2.04,0.27089728116989137,0.38818178160012107,0.30666666666666664,True,0.02,5.211337829517045,2.6,0.30666666666666664,0.30666666666666664,0.5878787636756897,0.24151696264743805,0.19037199020385742,0.16296295821666718,0.17175573110580444,Rock,0.6536814949315395,14.508331837349429,-0.2569065447978076,0.7281599737341864,13.780171863615243,18.983970329580433,-0.9254667918590407,-5.328434327388624,24.312404656969058,2.1041035225620615,5.327858201003197,False
79,Paper,3,366.72,2.04,0.28069812059402466,0.011193916831749418,,False,0.02,0.04093032399999423,2.12,,,0.6929292678833008,0.13306720554828644,0.15681983530521393,0.19166666269302368,0.22900763154029846,Scissors,0.38818178160012107,13.227422927375809,-1.5378154547714278,-0.0012976795219099557,13.228720606897719,25.20995939619168,5.300522274752208,1.8232393228294015,23.38672007336228,0.7729441953952261,8.51927644830582,False
80,Scissors,2,371.72,2.04,0.26977787017822263,0.41187081330352965,0.36,True,0.02,5.032809329857142,2.96,0.36,0.36,0.6848484873771667,0.13439786434173584,0.14004376530647278,0.16249999403953552,0.2270992398262024,Paper,0.011193916831749418,13.588058591209634,-1.1771797909376023,0.4527654282964715,13.135293162913163,19.271295158209817,-0.638141963229657,0.12722525533037654,19.14406990287944,-2.3101128907271646,6.276326376487667,False
81,Paper,3,376.04,2.04,0.2752472162246704,0.013817802716758911,,False,0.02,0.05037637739361571,2.28,,,0.6707070469856262,0.10179640352725983,0.15390226244926453,0.20555555820465088,0.2442748099565506,Scissors,0.41187081330352965,12.47192010184953,-2.293318280297706,-0.10159642147019099,12.573516523319721,25.208665115929232,5.299227994489758,2.2398353838964162,22.968829732032816,-1.0639193308837431,9.722366803574792,False
82,Paper,3,380.72,2.04,0.2600000262260437,0.008027094608496323,,False,0.02,0.0411392548436302,2.64,,,0.6505050659179688,0.11576846241950989,0.13347920775413513,0.17314815521240234,0.2270992398262024,Paper,0.013817802716758911,12.386676396849028,-2.3785619852982087,-0.37486549886730636,12.761541895716334,21.75345715402659,1.8440200325871174,-2.524310423472297,24.27776757749889,-1.1381823884133002,6.6648229399468315,False
83,Scissors,2,385.16,2.04,0.2530043974518776,0.40242296916376424,0.4,True,0.02,3.7845829777355933,2.4,0.4,0.4,0.6343434453010559,0.12042581290006638,0.13129103183746338,0.16712963581085205,0.21183206140995026,Paper,0.008027094608496323,14.039771019602359,-0.7254673625448778,1.4464336923939118,12.593337327208447,18.407229552041354,-1.50220756939812,-1.3214269851346074,19.72865653717596,-0.2503465786450324,5.392588514699742,False
84,Scissors,2,390.0,2.04,0.2535978630185127,0.43022368016998674,0.44,True,0.02,4.215870827861329,2.8,0.44,0.44,0.7030302882194519,0.09913506358861923,0.12837344408035278,0.18287037312984467,0.15458014607429504,Scissors,0.40242296916376424,14.099092378683185,-0.6661460034640516,0.9603440953602238,13.138748283322961,18.584810394223727,-1.3246267272157475,0.09682884751163456,18.487981546712092,-1.4045142517787386,5.305915276582676,False
85,Rock,1,394.68,2.04,0.28390010446310043,0.6830977882429837,0.41333333333333333,True,0.02,7.329920333870639,2.64,0.41333333333333333,0.41333333333333333,0.7535353302955627,0.08982036262750626,0.12910284101963043,0.1875,0.25954198837280273,Scissors,0.43022368016998674,14.223516827824659,-0.541721554322578,1.2448208234797917,12.978696004344867,19.379963208575784,-0.5294739128636898,-7.162922939099467,26.54288614767525,-0.07356898608230625,5.508614984970323,False
86,Scissors,2,399.52,2.04,0.2938069969415665,0.39953028022359377,0.3333333333333333,True,0.02,4.782728058683926,2.8,0.3333333333333333,0.3333333333333333,0.6525252461433411,0.21756486594676971,0.19183078408241272,0.15138888359069824,0.2557252049446106,Rock,0.6830977882429837,14.180860372164187,-0.58437800998305,1.068992142761827,13.11186822940236,19.953747888501805,0.04431076706233128,-4.592279754347256,24.54602764284906,0.39014853997150867,5.845090487132348,False
87,Paper,3,403.88,2.04,0.2996638208627701,0.0068219683285324064,,False,0.02,0.034899678723351354,2.32,,,0.7757575511932373,0.11842980980873108,0.14442013204097748,0.1944444477558136,0.26526716351509094,Scissors,0.39953028022359377,12.933265365907705,-1.831973016239532,0.06798303771261693,12.865282328195088,24.375833050038988,4.466395928599514,0.38324214349454166,23.992590906544446,0.17560047698359954,11.654763406664406,False
88,Paper,3,408.24,2.04,0.2941879451274872,0.010453011130018033,,False,0.02,0.14181586916238206,2.32,,,0.773737370967865,0.12707917392253876,0.13493800163269043,0.18518517911434174,0.25,Paper,0.0068219683285324064,13.19468580606471,-1.5705525760825267,0.25883356150649384,12.935852244558216,22.497927928071594,2.5884908066321195,3.0248344556628304,19.473093472408763,0.7120224285781833,5.098535343494517,False
89,Rock,1,412.88,2.04,0.2867295563220978,0.661214734848802,0.44,True,0.02,3.439595637572595,2.6,0.44,0.44,0.7636363506317139,0.12707917392253876,0.13129103183746338,0.17499999701976776,0.23664122819900513,Paper,0.010453011130018033,14.160048576207213,-0.6051898059400234,1.496479327930702,12.663569248276511,19.465968633993786,-0.44346848744568845,-4.239669604870965,23.70563823886475,0.3168029560723363,7.578723797717285,False
90,Paper,3,417.84,2.04,0.30302512347698213,0.02412153022942055,1.44,True,0.02,0.17214118221384023,2.92,1.44,1.44,0.6909090876579285,0.20958083868026733,0.17286652326583862,0.1726851910352707,0.26908397674560547,Rock,0.661214734848802,12.859050953128888,-1.906187429018349,0.5368808655565172,12.32217008757237,22.40055831668789,2.4911211952484145,-1.372489852938351,23.77304816962624,-0.37718835251908134,5.811435151270917,False
